profile,url
1a,https://utah.pdx1.qualtrics.com/ControlPanel/Graphic.php?IM=IM_V2d1O3nmYW289yT
1a2,https://utah.pdx1.qualtrics.com/ControlPanel/Graphic.php?IM=IM_q1Ho8yweNeLR2Sp
1a3,https://utah.pdx1.qualtrics.com/ControlPanel/Graphic.php?IM=IM_mWox4PKxokbO1ge
1b,https://utah.pdx1.qualtrics.com/ControlPanel/Graphic.php?IM=IM_lsbozn7sLa5ZTU6
1b2,https://utah.pdx1.qualtrics.com/ControlPanel/Graphic.php?IM=IM_IsQfmxXbpoGHn5H
1b3,https://utah.pdx1.qualtrics.com/ControlPanel/Graphic.php?IM=IM_EtFzQOVc4kxE0hJ
1c,https://utah.pdx1.qualtrics.com/ControlPanel/Graphic.php?IM=IM_vQUj2v5WnOeTcoV
1c2,https://utah.pdx1.qualtrics.com/ControlPanel/Graphic.php?IM=IM_znfNOJyRJhi8kDu
1c3,https://utah.pdx1.qualtrics.com/ControlPanel/Graphic.php?IM=IM_IThKjY1VavGfREL
2a,https://utah.pdx1.qualtrics.com/ControlPanel/Graphic.php?IM=IM_FyIN4qjnSsnseGk
2a2,https://utah.pdx1.qualtrics.com/ControlPanel/Graphic.php?IM=IM_pg02DVNQdFrIXbF
2a3,https://utah.pdx1.qualtrics.com/ControlPanel/Graphic.php?IM=IM_vP4vcdXor00mldF
2b,https://utah.pdx1.qualtrics.com/ControlPanel/Graphic.php?IM=IM_XBTdRTpA5t45cyv
2b2,https://utah.pdx1.qualtrics.com/ControlPanel/Graphic.php?IM=IM_02TSzxIB5DaMvZJ
2b3,https://utah.pdx1.qualtrics.com/ControlPanel/Graphic.php?IM=IM_pIeKlEdMMlAtAi5
2c,https://utah.pdx1.qualtrics.com/ControlPanel/Graphic.php?IM=IM_wY3WqKb3Evk7zHB
2c2,https://utah.pdx1.qualtrics.com/ControlPanel/Graphic.php?IM=IM_qLtjASOINLCTpk2
2c3,https://utah.pdx1.qualtrics.com/ControlPanel/Graphic.php?IM=IM_pPyRXHhsjlZmX8r
3a,https://utah.pdx1.qualtrics.com/ControlPanel/Graphic.php?IM=IM_tJVGwAz3DFZVN7T
3a2,https://utah.pdx1.qualtrics.com/ControlPanel/Graphic.php?IM=IM_RpoIZixuPjEArdl
3a3,https://utah.pdx1.qualtrics.com/ControlPanel/Graphic.php?IM=IM_V73fu3Q9UD8xw63
3b,https://utah.pdx1.qualtrics.com/ControlPanel/Graphic.php?IM=IM_4hj6JXZdNUhFeUU
3b2,https://utah.pdx1.qualtrics.com/ControlPanel/Graphic.php?IM=IM_2hfaqdNaujfVYSj
3b3,https://utah.pdx1.qualtrics.com/ControlPanel/Graphic.php?IM=IM_cA2F14dHaw5eF1J
3c,https://utah.pdx1.qualtrics.com/ControlPanel/Graphic.php?IM=IM_DjxbQPI2LPqPLFV
3c2,https://utah.pdx1.qualtrics.com/ControlPanel/Graphic.php?IM=IM_pOtgBrg0an1X8PM
3c3,https://utah.pdx1.qualtrics.com/ControlPanel/Graphic.php?IM=IM_4F1wFwnsUfvrmcV
4a,https://utah.pdx1.qualtrics.com/ControlPanel/Graphic.php?IM=IM_1B0hrq5Q3biLqbZ
4a2,https://utah.pdx1.qualtrics.com/ControlPanel/Graphic.php?IM=IM_4EQbUrIXUZDfTei
4a3,https://utah.pdx1.qualtrics.com/ControlPanel/Graphic.php?IM=IM_C066dJWDHpIXgMi
4b,https://utah.pdx1.qualtrics.com/ControlPanel/Graphic.php?IM=IM_8yTh2NTEWd5ceTf
4b2,https://utah.pdx1.qualtrics.com/ControlPanel/Graphic.php?IM=IM_fw2YL0FVQbRUJNw
4b3,https://utah.pdx1.qualtrics.com/ControlPanel/Graphic.php?IM=IM_p9Wn3IYzUjayc5X
4c,https://utah.pdx1.qualtrics.com/ControlPanel/Graphic.php?IM=IM_cXzte1d1GWctq92
4c2,https://utah.pdx1.qualtrics.com/ControlPanel/Graphic.php?IM=IM_5IbmIUHWYBkSjiF
4c3,https://utah.pdx1.qualtrics.com/ControlPanel/Graphic.php?IM=IM_S8URYOAmyQWMM0z
5a,https://utah.pdx1.qualtrics.com/ControlPanel/Graphic.php?IM=IM_eEu1udMiqA9NtjC
5a2,https://utah.pdx1.qualtrics.com/ControlPanel/Graphic.php?IM=IM_w6fhl0iA7QqirUG
5a3,https://utah.pdx1.qualtrics.com/ControlPanel/Graphic.php?IM=IM_xUuf5GTUg55uxBY
5b,https://utah.pdx1.qualtrics.com/ControlPanel/Graphic.php?IM=IM_91YaYBTUwzWLhx3
5b2,https://utah.pdx1.qualtrics.com/ControlPanel/Graphic.php?IM=IM_nZeBBFQ4WdVB6nW
5b3,https://utah.pdx1.qualtrics.com/ControlPanel/Graphic.php?IM=IM_rTIBiv88ccYPlgv
5c,https://utah.pdx1.qualtrics.com/ControlPanel/Graphic.php?IM=IM_JG1xZzeMN49E0bn
5c2,https://utah.pdx1.qualtrics.com/ControlPanel/Graphic.php?IM=IM_luhS5373ChoO7o8
5c3,https://utah.pdx1.qualtrics.com/ControlPanel/Graphic.php?IM=IM_ZxgTq6qcivJTeeY
6a,https://utah.pdx1.qualtrics.com/ControlPanel/Graphic.php?IM=IM_i0OFlIkLWY8cdSd
6a2,https://utah.pdx1.qualtrics.com/ControlPanel/Graphic.php?IM=IM_BDCm1AV3K80VfKm
6a3,https://utah.pdx1.qualtrics.com/ControlPanel/Graphic.php?IM=IM_oGStiVGGdamyVG2
6b,https://utah.pdx1.qualtrics.com/ControlPanel/Graphic.php?IM=IM_sRCjpFLELJ268fi
6b2,https://utah.pdx1.qualtrics.com/ControlPanel/Graphic.php?IM=IM_OHqRwNmKxJ1it73
6b3,https://utah.pdx1.qualtrics.com/ControlPanel/Graphic.php?IM=IM_11s73DzvmgFgI5F
6c,https://utah.pdx1.qualtrics.com/ControlPanel/Graphic.php?IM=IM_zJF10FMyNo0l8nS
6c2,https://utah.pdx1.qualtrics.com/ControlPanel/Graphic.php?IM=IM_6m6Ssjn71udyViQ
6c3,https://utah.pdx1.qualtrics.com/ControlPanel/Graphic.php?IM=IM_rOpfdXJ63B6tbZS
7a,https://utah.pdx1.qualtrics.com/ControlPanel/Graphic.php?IM=IM_tKf64a8heBUO6J4
7a2,https://utah.pdx1.qualtrics.com/ControlPanel/Graphic.php?IM=IM_vVOGF5lpHVk9p7n
7a3,https://utah.pdx1.qualtrics.com/ControlPanel/Graphic.php?IM=IM_MI5YMyIkCUk5uO9
7b,https://utah.pdx1.qualtrics.com/ControlPanel/Graphic.php?IM=IM_8XJxxbMHru74Xuh
7b2,https://utah.pdx1.qualtrics.com/ControlPanel/Graphic.php?IM=IM_8bX0fqrSJQ3AOf3
7b3,https://utah.pdx1.qualtrics.com/ControlPanel/Graphic.php?IM=IM_7yseBfrnnY8NxKF
7c,https://utah.pdx1.qualtrics.com/ControlPanel/Graphic.php?IM=IM_xJcw2O0Tg6y35zA
7c2,https://utah.pdx1.qualtrics.com/ControlPanel/Graphic.php?IM=IM_i11d4VWKMs4hsWf
7c3,https://utah.pdx1.qualtrics.com/ControlPanel/Graphic.php?IM=IM_lIZFxAshtJa4T5y
8a,https://utah.pdx1.qualtrics.com/ControlPanel/Graphic.php?IM=IM_k9wIXpu2pLasYyF
8a2,https://utah.pdx1.qualtrics.com/ControlPanel/Graphic.php?IM=IM_5GuhoaTGO9XbOxb
8a3,https://utah.pdx1.qualtrics.com/ControlPanel/Graphic.php?IM=IM_dYVgBEPbpPzTHVF
8b,https://utah.pdx1.qualtrics.com/ControlPanel/Graphic.php?IM=IM_q7iiPZxLhUt76ed
8b2,https://utah.pdx1.qualtrics.com/ControlPanel/Graphic.php?IM=IM_4Cg3UNT52iJWcGo
8b3,https://utah.pdx1.qualtrics.com/ControlPanel/Graphic.php?IM=IM_EgmrgVGbuvvLphi
8c,https://utah.pdx1.qualtrics.com/ControlPanel/Graphic.php?IM=IM_GGlamFvUNEBjLz1
8c2,https://utah.pdx1.qualtrics.com/ControlPanel/Graphic.php?IM=IM_kQeixLsLXKxLeIO
8c3,https://utah.pdx1.qualtrics.com/ControlPanel/Graphic.php?IM=IM_1vBNgadujdqDDBS